{
  "id": "1949501",
  "name": "去哪儿查机票",
  "font_family": "iconfont",
  "css_prefix_text": "icon-",
  "description": "",
  "glyphs": [
    {
      "icon_id": "953805",
      "name": "时间",
      "font_class": "shijian",
      "unicode": "e639",
      "unicode_decimal": 58937
    },
    {
      "icon_id": "9132694",
      "name": "推荐排序",
      "font_class": "tuijianpaixu",
      "unicode": "e696",
      "unicode_decimal": 59030
    },
    {
      "icon_id": "8292911",
      "name": "日期",
      "font_class": "riqi",
      "unicode": "e638",
      "unicode_decimal": 58936
    },
    {
      "icon_id": "203113",
      "name": "搜索",
      "font_class": "sousuo",
      "unicode": "e640",
      "unicode_decimal": 58944
    },
    {
      "icon_id": "6771053",
      "name": "价格",
      "font_class": "jiage",
      "unicode": "e687",
      "unicode_decimal": 59015
    },
    {
      "icon_id": "8738253",
      "name": "返 回",
      "font_class": "fanhui",
      "unicode": "e609",
      "unicode_decimal": 58889
    },
    {
      "icon_id": "14025673",
      "name": "筛 选",
      "font_class": "shaixuan",
      "unicode": "e67c",
      "unicode_decimal": 59004
    },
    {
      "icon_id": "3206850",
      "name": "单向箭头",
      "font_class": "danxiangjiantou",
      "unicode": "e610",
      "unicode_decimal": 58896
    }
  ]
}
